Workbook

Sheet All 150 Questions
A1: # | B1: Section | C1: Domain | D1: Interview Question | E1: Response Format | F1: Clinical Relevance / ICD-10 Mapping | G1: Screening Relevance Tag | H1: Include in Final 30? (fill in)
A2: 1 | B2: SECTION A: DEMOGRAPHICS & BACKGROUND | C2: Identification | D2: Can you please tell me your full name and what you prefer to be called? | E2: Free text / preferred name | F2: Rapport building; record preferred name for subsequent interview | G2: Demographics (contextual, not scale-mapped)
A3: 2 | B3: SECTION A: DEMOGRAPHICS & BACKGROUND | C3: Age / DOB | D3: How old are you? Could you tell me your date of birth? | E3: Age in years; DOB dd/mm/yyyy | F3: Age of onset context; rule out late-onset vs early-onset conditions | G3: Demographics (contextual, not scale-mapped)
A4: 3 | B4: SECTION A: DEMOGRAPHICS & BACKGROUND | C4: Sex / Gender | D4: Could you tell me your gender identity? | E4: Male / Female / Transgender / Non-binary / Prefer not to say | F4: Prevalence differences: MDD 2x higher in females; Bipolar equal sex ratio | G4: Demographics (contextual, not scale-mapped)
A5: 4 | B5: SECTION A: DEMOGRAPHICS & BACKGROUND | C5: Occupation | D5: Are you currently working? What do you do for a living? Have you had to stop working recently? | E5: Employed / Unemployed / Student / Homemaker / Retired; describe role | F5: Occupational functioning — key criterion for F32/F31 severity; job loss is a major stressor | G5: Demographics (contextual, not scale-mapped)
A6: 5 | B6: SECTION A: DEMOGRAPHICS & BACKGROUND | C6: Education | D6: What is the highest level of education you have completed? | E6: Primary / Secondary / Graduate / Postgraduate / None | F6: Intellectual baseline; informs cognitive assessment; education protective for dementia | G6: Demographics (contextual, not scale-mapped)
A7: 6 | B7: SECTION A: DEMOGRAPHICS & BACKGROUND | C7: SES | D7: Could you tell me a little about your financial situation? Do you own or rent your home? How many people are financially dependent on you? | E7: Upper / Middle / Lower; housing type; dependents | F7: SES informs stress burden, treatment access, medication adherence risk | G7: Demographics (contextual, not scale-mapped)
A8: 7 | B8: SECTION A: DEMOGRAPHICS & BACKGROUND | C8: Address | D8: Where do you currently live? Have you moved recently? | E8: City, locality; duration at current address | F8: Recent relocation = stressor; urban/rural setting affects care access | G8: Demographics (contextual, not scale-mapped)
A9: 8 | B9: SECTION A: DEMOGRAPHICS & BACKGROUND | C9: Contact | D9: What is the best number to reach you? Is there an emergency contact we should have? | E9: Phone; emergency contact name & relation | F9: Safety planning; follow-up; collateral informant identification | G9: Demographics (contextual, not scale-mapped)
A10: 9 | B10: SECTION A: DEMOGRAPHICS & BACKGROUND | C10: Informant | D10: Is there a family member or close friend who accompanied you today or who knows you well? May I speak with them at some point? | E10: Name; relation; availability; consent obtained | F10: Collateral history essential for accurate psychiatric history — especially Bipolar, psychosis | G10: Demographics (contextual, not scale-mapped)
A11: 10 | B11: SECTION A: DEMOGRAPHICS & BACKGROUND | C11: Informant reliability | D11: How long has your informant known you? Are they aware of your symptoms? | E11: Years known; proximity of relationship; awareness of illness | F11: Assess reliability of collateral history; important for F31 hypomania where insight is poor | G11: Demographics (contextual, not scale-mapped)
A12: 11 | B12: SECTION B: CHIEF COMPLAINTS | C12: Chief Complaint (Open) | D12: What has brought you here today? Tell me what has been troubling you most. | E12: Free narrative; record verbatim | F12: Gateway to diagnosis; depressive complaints often somatic in Indian settings (headache, body ache, tiredness) | G12: Context (supports HAM-D/BDI framing)
A13: 12 | B13: SECTION B: CHIEF COMPLAINTS | C13: Duration of main complaint | D13: How long have you been feeling this way? When did you first notice something was wrong? | E13: Days / weeks / months / years; specific date if possible | F13: Duration criterion: ≥2 weeks for MDD (F32); ≥1 week for mania (F30); ≥1 day for panic | G13: Context (supports HAM-D/BDI framing)
... A151: 150 | B151: SECTION N: DIFFERENTIAL DIAGNOSIS SYNTHESIS QUESTIONS | C151: Treatment formulation and ICD-10 diagnosis | D151: What is the final ICD-10 diagnosis? What is the proposed treatment plan — pharmacological, psychological, social, and family interventions? What is the follow-up plan? | E151: ICD-10 code; medication; therapy; psychosocial; review date | F151: Biopsychosocial formulation: integrates predisposing (genetic, developmental), precipitating (stressors), and perpetuating (maintaining) factors for each patient | G151: Diagnostic synthesis (clinician-only, not for screening interface)

Sheet Section Summary
A1: Section | B1: # Questions | C1: Primary Screening Relevance
A2: SECTION A: DEMOGRAPHICS & BACKGROUND | B2: =COUNTIF('All 150 Questions'!B:B,A2) -> 10 | C2: Demographics (contextual, not scale-mapped)
A3: SECTION B: CHIEF COMPLAINTS | B3: =COUNTIF('All 150 Questions'!B:B,A3) -> 8 | C3: Context (supports HAM-D/BDI framing)
A4: SECTION C: ONSET AND COURSE | B4: =COUNTIF('All 150 Questions'!B:B,A4) -> 8 | C4: Context (supports HAM-D/BDI framing)
A5: SECTION D: HISTORY OF PRESENTING ILLNESS — DEPRESSIVE FEATURES | B5: =COUNTIF('All 150 Questions'!B:B,A5) -> 18 | C5: HAM-D / BDI (core)
A6: SECTION E: HISTORY OF PRESENTING ILLNESS — BIPOLAR / MANIC FEATURES | B6: =COUNTIF('All 150 Questions'!B:B,A6) -> 14 | C6: Bipolar/Mania (out of scope for MDD/HAM-D screening)
A7: SECTION F: ANXIETY, OCD, AND STRESS-RELATED FEATURES | B7: =COUNTIF('All 150 Questions'!B:B,A7) -> 14 | C7: HAM-A (core)
A8: SECTION G: PSYCHOSIS SCREENING | B8: =COUNTIF('All 150 Questions'!B:B,A8) -> 12 | C8: Psychosis (out of scope for MDD/HAM-D screening)
A9: SECTION H: SUBSTANCE USE HISTORY | B9: =COUNTIF('All 150 Questions'!B:B,A9) -> 8 | C9: Substance Use (out of scope, confounder to note)
A10: SECTION I: PAST PSYCHIATRIC AND MEDICAL HISTORY | B10: =COUNTIF('All 150 Questions'!B:B,A10) -> 10 | C10: Background/History (contextual, not scale-mapped)
A11: SECTION J: FAMILY HISTORY | B11: =COUNTIF('All 150 Questions'!B:B,A11) -> 6 | C11: Background/History (contextual, not scale-mapped)
A12: SECTION K: PERSONAL HISTORY | B12: =COUNTIF('All 150 Questions'!B:B,A12) -> 14 | C12: Background/History (contextual, not scale-mapped)
A13: SECTION L: PREMORBID PERSONALITY | B13: =COUNTIF('All 150 Questions'!B:B,A13) -> 10 | C13: Background/History (contextual, not scale-mapped)
... A15: SECTION N: DIFFERENTIAL DIAGNOSIS SYNTHESIS QUESTIONS | B15: =COUNTIF('All 150 Questions'!B:B,A15) -> 5 | C15: Diagnostic synthesis (clinician-only, not for screening interface)
A16: TOTAL | B16: =SUM(B2:B15) -> 150

Sheet Relevance Tag Summary
A1: Screening Relevance Tag | B1: # Questions | C1: Notes
A2: HAM-D / BDI (core) | B2: =COUNTIF('All 150 Questions'!G:G,A2) -> 18 | C2: Primary pool for the 30-question screening set. Directly maps to depressive symptom items.
A3: HAM-A (core) | B3: =COUNTIF('All 150 Questions'!G:G,A3) -> 14 | C3: Include if HAM-A screening is in scope for this version; otherwise secondary pool.
A4: Context (supports HAM-D/BDI framing) | B4: =COUNTIF('All 150 Questions'!G:G,A4) -> 16 | C4: Chief complaint + onset/course — useful framing questions, not scale items themselves.
A5: Risk/Safety (critical - required regardless of scale mapping) | B5: =COUNTIF('All 150 Questions'!G:G,A5) -> 7 | C5: Must be included in the final 30 regardless of scale mapping — safety-critical.
A6: Bipolar/Mania (out of scope for MDD/HAM-D screening) | B6: =COUNTIF('All 150 Questions'!G:G,A6) -> 13 | C6: Exclude from the 30 unless bipolar screening is explicitly added to scope.
A7: Psychosis (out of scope for MDD/HAM-D screening) | B7: =COUNTIF('All 150 Questions'!G:G,A7) -> 12 | C7: Exclude from the 30 for this MDD-focused tool.
A8: Substance Use (out of scope, confounder to note) | B8: =COUNTIF('All 150 Questions'!G:G,A8) -> 8 | C8: Exclude from the 30, but worth 1-2 screening questions as a confounder check.
A9: MSE (observational, not directly user-answerable via text/audio) | B9: =COUNTIF('All 150 Questions'!G:G,A9) -> 12 | C9: Requires clinician observation, not a self-report text/audio answer. Exclude from user-facing set.
A10: Diagnostic synthesis (clinician-only, not for screening interface) | B10: =COUNTIF('All 150 Questions'!G:G,A10) -> 4 | C10: Clinician-only reasoning items - not asked to the patient. Exclude from the 30.
A11: Background/History (contextual, not scale-mapped) | B11: =COUNTIF('All 150 Questions'!G:G,A11) -> 36 | C11: Useful clinical background but not scale-mapped; exclude from the 30 unless needed for report context.
A12: Demographics (contextual, not scale-mapped) | B12: =COUNTIF('All 150 Questions'!G:G,A12) -> 10 | C12: Useful for session setup, not screening itself; keep minimal (name/age/sex) outside the 30 count.

Sheet Candidate Pool (for the 30)
A1: # | B1: Section | C1: Domain | D1: Interview Question | E1: Screening Relevance Tag | F1: Select for Final 30? (Y/N)
A2: 11 | B2: SECTION B: CHIEF COMPLAINTS | C2: Chief Complaint (Open) | D2: What has brought you here today? Tell me what has been troubling you most. | E2: Context (supports HAM-D/BDI framing)
A3: 12 | B3: SECTION B: CHIEF COMPLAINTS | C3: Duration of main complaint | D3: How long have you been feeling this way? When did you first notice something was wrong? | E3: Context (supports HAM-D/BDI framing)
A4: 13 | B4: SECTION B: CHIEF COMPLAINTS | C4: Multiple complaints | D4: Besides [main complaint], is there anything else that has been bothering you? Can you list everything that has been worrying you? | E4: Context (supports HAM-D/BDI framing)
A5: 14 | B5: SECTION B: CHIEF COMPLAINTS | C5: Functional impact | D5: Have these problems affected your ability to work, manage your home, or care for your family? | E5: Context (supports HAM-D/BDI framing)
A6: 15 | B6: SECTION B: CHIEF COMPLAINTS | C6: Mood complaint | D6: Have you been feeling sad, low, or empty most of the day, nearly every day? | E6: Context (supports HAM-D/BDI framing)
A7: 16 | B7: SECTION B: CHIEF COMPLAINTS | C7: Elated mood complaint | D7: Have there been times, even briefly, when you felt unusually happy, energetic, or on top of the world — more than your normal self? | E7: Context (supports HAM-D/BDI framing)
A8: 17 | B8: SECTION B: CHIEF COMPLAINTS | C8: Anxiety complaint | D8: Have you been feeling very anxious, tense, or worried most of the time? | E8: Context (supports HAM-D/BDI framing)
A9: 18 | B9: SECTION B: CHIEF COMPLAINTS | C9: Psychotic complaint screening | D9: Have you been hearing or seeing things that others around you cannot? Have you had thoughts that feel strange or that others are against you? | E9: Context (supports HAM-D/BDI framing)
A10: 19 | B10: SECTION C: ONSET AND COURSE | C10: Onset type | D10: Did your problems come on suddenly, or did they develop gradually over weeks or months? | E10: Context (supports HAM-D/BDI framing)
A11: 20 | B11: SECTION C: ONSET AND COURSE | C11: Precipitating event | D11: Did anything happen in your life just before you started feeling this way — a loss, major change, conflict, or health problem? | E11: Context (supports HAM-D/BDI framing)
A12: 21 | B12: SECTION C: ONSET AND COURSE | C12: Course — episodic vs continuous | D12: Since the problem began, has it been there all the time, or does it come and go in episodes? | E12: Context (supports HAM-D/BDI framing)
A13: 22 | B13: SECTION C: ONSET AND COURSE | C13: Episode frequency | D13: How many distinct episodes of feeling very low (or very high) have you had in your lifetime? How long does each episode typically last? | E13: Context (supports HAM-D/BDI framing)
... A56: 149 | B56: SECTION N: DIFFERENTIAL DIAGNOSIS SYNTHESIS QUESTIONS | C56: Risk formulation | D56: What is the overall suicide and self-harm risk — low, moderate, or high? What are the protective and risk factors? Is a safety plan needed? | E56: Risk/Safety (critical - required regardless of scale mapping)
A58: Candidate pool size: 55 questions (from an eligible pool of 55). Narrow this down to 30 by marking Y in the last column.
